DateG,DateH,fajr1,fajr2,sunrise,dhuhr1,dhuhr2,asr1,asr2,maghreb1,maghreb2,isha1,isha2
"April 30, 2025","Dhul Qadah 2, 1446  ",4:05 AM,5:00 AM,5:52 AM,1:09 PM,1:45 PM,5:09 PM,6:00 PM,8:26 PM,8:31 PM,10:13 PM,10:15 PM
"May 1, 2025","Dhul Qadah 3, 1446  ",4:02 AM,5:00 AM,5:50 AM,1:09 PM,1:45 PM,5:09 PM,6:00 PM,8:28 PM,8:33 PM,10:15 PM,10:15 PM
"May 2, 2025","Dhul Qadah 4, 1446  ",4:00 AM,4:40 AM,5:48 AM,1:09 PM,1:45 PM,5:10 PM,6:00 PM,8:29 PM,8:34 PM,10:17 PM,10:35 PM
"May 3, 2025","Dhul Qadah 5, 1446  ",3:57 AM,4:40 AM,5:46 AM,1:08 PM,1:45 PM,5:10 PM,6:00 PM,8:30 PM,8:35 PM,10:20 PM,10:35 PM
"May 4, 2025","Dhul Qadah 6, 1446  ",3:55 AM,4:40 AM,5:45 AM,1:08 PM,1:45 PM,5:11 PM,6:00 PM,8:32 PM,8:37 PM,10:22 PM,10:35 PM
"May 5, 2025","Dhul Qadah 7, 1446  ",3:53 AM,4:40 AM,5:43 AM,1:08 PM,1:45 PM,5:11 PM,6:00 PM,8:33 PM,8:38 PM,10:24 PM,10:35 PM
"May 6, 2025","Dhul Qadah 8, 1446  ",3:50 AM,4:40 AM,5:42 AM,1:08 PM,1:45 PM,5:12 PM,6:00 PM,8:35 PM,8:40 PM,10:26 PM,10:35 PM
"May 7, 2025","Dhul Qadah 9, 1446  ",3:48 AM,4:40 AM,5:40 AM,1:08 PM,1:45 PM,5:13 PM,6:00 PM,8:36 PM,8:41 PM,10:29 PM,10:35 PM
"May 8, 2025","Dhul Qadah 10, 1446  ",3:45 AM,4:40 AM,5:38 AM,1:08 PM,1:45 PM,5:13 PM,6:00 PM,8:38 PM,8:43 PM,10:31 PM,10:35 PM
"May 9, 2025","Dhul Qadah 11, 1446  ",3:43 AM,4:25 AM,5:37 AM,1:08 PM,1:45 PM,5:14 PM,6:00 PM,8:39 PM,8:44 PM,10:33 PM,10:50 PM
"May 10, 2025","Dhul Qadah 12, 1446  ",3:40 AM,4:25 AM,5:35 AM,1:08 PM,1:45 PM,5:14 PM,6:00 PM,8:41 PM,8:46 PM,10:36 PM,10:50 PM
"May 11, 2025","Dhul Qadah 13, 1446  ",3:38 AM,4:25 AM,5:34 AM,1:08 PM,1:45 PM,5:15 PM,6:00 PM,8:42 PM,8:47 PM,10:38 PM,10:50 PM
"May 12, 2025","Dhul Qadah 14, 1446  ",3:35 AM,4:25 AM,5:32 AM,1:08 PM,1:45 PM,5:15 PM,6:00 PM,8:43 PM,8:48 PM,10:40 PM,10:50 PM
"May 13, 2025","Dhul Qadah 15, 1446  ",3:27 AM,4:25 AM,5:31 AM,1:08 PM,1:45 PM,5:16 PM,6:00 PM,8:45 PM,8:50 PM,10:47 PM,10:50 PM
"May 14, 2025","Dhul Qadah 16, 1446  ",3:27 AM,4:25 AM,5:29 AM,1:08 PM,1:45 PM,5:16 PM,6:00 PM,8:46 PM,8:51 PM,10:48 PM,10:50 PM
"May 15, 2025","Dhul Qadah 17, 1446  ",3:26 AM,4:25 AM,5:28 AM,1:08 PM,1:45 PM,5:17 PM,6:00 PM,8:48 PM,8:53 PM,10:49 PM,10:50 PM
"May 16, 2025","Dhul Qadah 18, 1446  ",3:25 AM,4:20 AM,5:27 AM,1:08 PM,1:45 PM,5:17 PM,6:00 PM,8:49 PM,8:54 PM,10:50 PM,10:55 PM
"May 17, 2025","Dhul Qadah 19, 1446  ",3:25 AM,4:20 AM,5:25 AM,1:08 PM,1:45 PM,5:18 PM,6:00 PM,8:50 PM,8:55 PM,10:50 PM,10:55 PM
"May 18, 2025","Dhul Qadah 20, 1446  ",3:24 AM,4:20 AM,5:24 AM,1:08 PM,1:45 PM,5:18 PM,6:00 PM,8:52 PM,8:57 PM,10:51 PM,10:55 PM
"May 19, 2025","Dhul Qadah 21, 1446  ",3:23 AM,4:20 AM,5:23 AM,1:08 PM,1:45 PM,5:19 PM,6:00 PM,8:53 PM,8:58 PM,10:52 PM,10:55 PM
"May 20, 2025","Dhul Qadah 22, 1446  ",3:23 AM,4:20 AM,5:22 AM,1:08 PM,1:45 PM,5:19 PM,6:00 PM,8:54 PM,8:59 PM,10:52 PM,10:55 PM
"May 21, 2025","Dhul Qadah 23, 1446  ",3:22 AM,4:20 AM,5:21 AM,1:08 PM,1:45 PM,5:20 PM,6:00 PM,8:56 PM,9:01 PM,10:53 PM,10:55 PM
"May 22, 2025","Dhul Qadah 24, 1446  ",3:21 AM,4:20 AM,5:19 AM,1:08 PM,1:45 PM,5:20 PM,6:00 PM,8:57 PM,9:02 PM,10:54 PM,10:55 PM
"May 23, 2025","Dhul Qadah 25, 1446  ",3:21 AM,4:15 AM,5:18 AM,1:08 PM,1:45 PM,5:21 PM,6:00 PM,8:58 PM,9:03 PM,10:54 PM,11:00 PM
"May 24, 2025","Dhul Qadah 26, 1446  ",3:20 AM,4:15 AM,5:17 AM,1:08 PM,1:45 PM,5:21 PM,6:00 PM,8:59 PM,9:04 PM,10:55 PM,11:00 PM
"May 25, 2025","Dhul Qadah 27, 1446  ",3:20 AM,4:15 AM,5:16 AM,1:08 PM,1:45 PM,5:22 PM,6:00 PM,9:00 PM,9:05 PM,10:56 PM,11:00 PM
"May 26, 2025","Dhul Qadah 28, 1446  ",3:19 AM,4:15 AM,5:15 AM,1:09 PM,1:45 PM,5:22 PM,6:00 PM,9:02 PM,9:07 PM,10:57 PM,11:00 PM
"May 27, 2025","Dhul Qadah 29, 1446",3:19 AM,4:15 AM,5:14 AM,1:09 PM,1:45 PM,5:23 PM,6:00 PM,9:03 PM,9:08 PM,10:57 PM,11:00 PM
"May 28, 2025","Dhul Hijjah 1, 1446  ",3:18 AM,4:15 AM,5:13 AM,1:09 PM,1:45 PM,5:23 PM,6:00 PM,9:04 PM,9:09 PM,10:58 PM,11:00 PM
"May 29, 2025","Dhul Hijjah 2, 1446  ",3:18 AM,4:15 AM,5:12 AM,1:09 PM,1:45 PM,5:24 PM,6:00 PM,9:05 PM,9:10 PM,10:58 PM,11:00 PM
"May 30, 2025","Dhul Hijjah 3, 1446  ",3:18 AM,4:15 AM,5:12 AM,1:09 PM,1:45 PM,5:24 PM,6:00 PM,9:06 PM,9:11 PM,10:59 PM,11:05 PM
"May 31, 2025","Dhul Hijjah 4, 1446  ",3:17 AM,4:15 AM,5:11 AM,1:09 PM,1:45 PM,5:24 PM,6:00 PM,9:07 PM,9:12 PM,11:00 PM,11:05 PM
"June 1, 2025","Dhul Hijjah 5, 1446  ",3:17 AM,4:15 AM,5:10 AM,1:09 PM,1:45 PM,5:25 PM,6:00 PM,9:08 PM,9:13 PM,11:00 PM,11:05 PM
"June 2, 2025","Dhul Hijjah 6, 1446  ",3:17 AM,4:15 AM,5:09 AM,1:10 PM,1:45 PM,5:25 PM,6:00 PM,9:09 PM,9:14 PM,11:01 PM,11:05 PM
"June 3, 2025","Dhul Hijjah 7, 1446  ",3:16 AM,4:15 AM,5:09 AM,1:10 PM,1:45 PM,5:26 PM,6:00 PM,9:10 PM,9:15 PM,11:01 PM,11:05 PM
"June 4, 2025","Dhul Hijjah 8, 1446  ",3:16 AM,4:15 AM,5:08 AM,1:10 PM,1:45 PM,5:26 PM,6:00 PM,9:11 PM,9:16 PM,11:02 PM,11:05 PM
"June 5, 2025","Dhul Hijjah 9, 1446  ",3:16 AM,4:15 AM,5:08 AM,1:10 PM,1:45 PM,5:26 PM,6:00 PM,9:12 PM,9:17 PM,11:03 PM,11:05 PM
"June 6, 2025","Dhul Hijjah 10, 1446  ",3:16 AM,4:15 AM,5:07 AM,1:10 PM,1:45 PM,5:27 PM,6:00 PM,9:13 PM,9:18 PM,11:03 PM,11:10 PM
"June 7, 2025","Dhul Hijjah 11, 1446  ",3:16 AM,4:15 AM,5:07 AM,1:10 PM,1:45 PM,5:27 PM,6:00 PM,9:14 PM,9:19 PM,11:04 PM,11:10 PM
"June 8, 2025","Dhul Hijjah 12, 1446  ",3:15 AM,4:15 AM,5:06 AM,1:11 PM,1:45 PM,5:28 PM,6:00 PM,9:14 PM,9:19 PM,11:04 PM,11:10 PM
"June 9, 2025","Dhul Hijjah 13, 1446  ",3:15 AM,4:15 AM,5:06 AM,1:11 PM,1:45 PM,5:28 PM,6:00 PM,9:15 PM,9:20 PM,11:05 PM,11:10 PM
"June 10, 2025","Dhul Hijjah 14, 1446  ",3:15 AM,4:15 AM,5:05 AM,1:11 PM,1:45 PM,5:28 PM,6:00 PM,9:16 PM,9:21 PM,11:05 PM,11:10 PM
"June 11, 2025","Dhul Hijjah 15, 1446  ",3:15 AM,4:15 AM,5:05 AM,1:11 PM,1:45 PM,5:29 PM,6:00 PM,9:16 PM,9:21 PM,11:06 PM,11:10 PM
"June 12, 2025","Dhul Hijjah 16, 1446  ",3:15 AM,4:15 AM,5:05 AM,1:11 PM,1:45 PM,5:29 PM,6:00 PM,9:17 PM,9:22 PM,11:06 PM,11:10 PM
"June 13, 2025","Dhul Hijjah 17, 1446  ",3:15 AM,4:15 AM,5:05 AM,1:12 PM,1:45 PM,5:29 PM,6:00 PM,9:18 PM,9:23 PM,11:06 PM,11:10 PM
"June 14, 2025","Dhul Hijjah 18, 1446  ",3:15 AM,4:15 AM,5:05 AM,1:12 PM,1:45 PM,5:30 PM,6:00 PM,9:18 PM,9:23 PM,11:07 PM,11:10 PM
"June 15, 2025","Dhul Hijjah 19, 1446  ",3:15 AM,4:15 AM,5:04 AM,1:12 PM,1:45 PM,5:30 PM,6:00 PM,9:19 PM,9:24 PM,11:07 PM,11:10 PM
"June 16, 2025","Dhul Hijjah 20, 1446  ",3:15 AM,4:15 AM,5:04 AM,1:12 PM,1:45 PM,5:30 PM,6:00 PM,9:19 PM,9:24 PM,11:07 PM,11:10 PM
"June 17, 2025","Dhul Hijjah 21, 1446  ",3:15 AM,4:15 AM,5:04 AM,1:12 PM,1:45 PM,5:30 PM,6:00 PM,9:20 PM,9:25 PM,11:08 PM,11:10 PM
"June 18, 2025","Dhul Hijjah 22, 1446  ",3:15 AM,4:15 AM,5:04 AM,1:13 PM,1:45 PM,5:31 PM,6:00 PM,9:20 PM,9:25 PM,11:08 PM,11:10 PM
"June 19, 2025","Dhul Hijjah 23, 1446  ",3:16 AM,4:15 AM,5:05 AM,1:13 PM,1:45 PM,5:31 PM,6:00 PM,9:20 PM,9:25 PM,11:08 PM,11:10 PM
"June 20, 2025","Dhul Hijjah 24, 1446  ",3:16 AM,4:15 AM,5:05 AM,1:13 PM,1:45 PM,5:31 PM,6:00 PM,9:21 PM,9:26 PM,11:09 PM,11:10 PM
"June 21, 2025","Dhul Hijjah 25, 1446  ",3:16 AM,4:15 AM,5:05 AM,1:13 PM,1:45 PM,5:31 PM,6:00 PM,9:21 PM,9:26 PM,11:09 PM,11:10 PM
"June 22, 2025","Dhul Hijjah 26, 1446  ",3:16 AM,4:15 AM,5:05 AM,1:14 PM,1:45 PM,5:32 PM,6:00 PM,9:21 PM,9:26 PM,11:09 PM,11:10 PM
"June 23, 2025","Dhul Hijjah 27, 1446  ",3:16 AM,4:15 AM,5:05 AM,1:14 PM,1:45 PM,5:32 PM,6:00 PM,9:21 PM,9:26 PM,11:09 PM,11:10 PM
"June 24, 2025","Dhul Hijjah 28, 1446  ",3:17 AM,4:15 AM,5:06 AM,1:14 PM,1:45 PM,5:32 PM,6:00 PM,9:21 PM,9:26 PM,11:09 PM,11:10 PM
"June 25, 2025","Dhul Hijjah 29, 1446  ",3:17 AM,4:15 AM,5:06 AM,1:14 PM,1:45 PM,5:32 PM,6:00 PM,9:21 PM,9:26 PM,11:09 PM,11:10 PM
"June 26, 2025","Muharram 1, 1447  ",3:17 AM,4:15 AM,5:06 AM,1:14 PM,1:45 PM,5:32 PM,6:00 PM,9:21 PM,9:26 PM,11:09 PM,11:10 PM
"June 27, 2025","Muharram 2, 1447  ",3:17 AM,4:15 AM,5:07 AM,1:15 PM,1:45 PM,5:32 PM,6:00 PM,9:21 PM,9:26 PM,11:10 PM,11:10 PM
"June 28, 2025","Muharram 3, 1447  ",3:18 AM,4:15 AM,5:07 AM,1:15 PM,1:45 PM,5:33 PM,6:00 PM,9:21 PM,9:26 PM,11:10 PM,11:10 PM
"June 29, 2025","Muharram 4, 1447  ",3:18 AM,4:15 AM,5:08 AM,1:15 PM,1:45 PM,5:33 PM,6:00 PM,9:21 PM,9:26 PM,11:10 PM,11:10 PM
"June 30, 2025","Muharram 5, 1447  ",3:19 AM,4:15 AM,5:08 AM,1:15 PM,1:45 PM,5:33 PM,6:00 PM,9:21 PM,9:26 PM,11:10 PM,11:10 PM
"July 1, 2025","Muharram 6, 1447  ",3:19 AM,4:15 AM,5:09 AM,1:15 PM,1:45 PM,5:33 PM,6:00 PM,9:21 PM,9:26 PM,11:10 PM,11:10 PM
"July 2, 2025","Muharram 7, 1447  ",3:19 AM,4:15 AM,5:10 AM,1:16 PM,1:45 PM,5:33 PM,6:00 PM,9:20 PM,9:25 PM,11:10 PM,11:10 PM
"July 3, 2025","Muharram 8, 1447  ",3:20 AM,4:15 AM,5:10 AM,1:16 PM,1:45 PM,5:33 PM,6:00 PM,9:20 PM,9:25 PM,11:09 PM,11:10 PM
"July 4, 2025","Muharram 9, 1447  ",3:20 AM,4:25 AM,5:11 AM,1:16 PM,1:45 PM,5:33 PM,6:00 PM,9:20 PM,9:25 PM,11:09 PM,11:10 PM
"July 5, 2025","Muharram 10, 1447  ",3:21 AM,4:25 AM,5:12 AM,1:16 PM,1:45 PM,5:33 PM,6:00 PM,9:19 PM,9:24 PM,11:09 PM,11:10 PM
"July 6, 2025","Muharram 11, 1447  ",3:21 AM,4:25 AM,5:12 AM,1:16 PM,1:45 PM,5:33 PM,6:00 PM,9:19 PM,9:24 PM,11:09 PM,11:10 PM
"July 7, 2025","Muharram 12, 1447  ",3:22 AM,4:25 AM,5:13 AM,1:16 PM,1:45 PM,5:33 PM,6:00 PM,9:18 PM,9:23 PM,11:09 PM,11:10 PM
"July 8, 2025","Muharram 13, 1447  ",3:22 AM,4:25 AM,5:14 AM,1:17 PM,1:45 PM,5:33 PM,6:00 PM,9:18 PM,9:23 PM,11:09 PM,11:10 PM
"July 9, 2025","Muharram 14, 1447  ",3:23 AM,4:25 AM,5:15 AM,1:17 PM,1:45 PM,5:33 PM,6:00 PM,9:17 PM,9:22 PM,11:08 PM,11:10 PM
"July 10, 2025","Muharram 15, 1447  ",3:23 AM,4:25 AM,5:16 AM,1:17 PM,1:45 PM,5:33 PM,6:00 PM,9:16 PM,9:21 PM,11:08 PM,11:10 PM
"July 11, 2025","Muharram 16, 1447  ",3:24 AM,4:30 AM,5:17 AM,1:17 PM,1:45 PM,5:32 PM,6:00 PM,9:16 PM,9:21 PM,11:08 PM,11:10 PM
"July 12, 2025","Muharram 17, 1447  ",3:24 AM,4:30 AM,5:18 AM,1:17 PM,1:45 PM,5:32 PM,6:00 PM,9:15 PM,9:20 PM,11:07 PM,11:10 PM
"July 13, 2025","Muharram 18, 1447  ",3:25 AM,4:30 AM,5:19 AM,1:17 PM,1:45 PM,5:32 PM,6:00 PM,9:14 PM,9:19 PM,11:07 PM,11:10 PM
"July 14, 2025","Muharram 19, 1447  ",3:26 AM,4:30 AM,5:20 AM,1:17 PM,1:45 PM,5:32 PM,6:00 PM,9:13 PM,9:18 PM,11:07 PM,11:10 PM
"July 15, 2025","Muharram 20, 1447  ",3:26 AM,4:30 AM,5:21 AM,1:18 PM,1:45 PM,5:32 PM,6:00 PM,9:13 PM,9:18 PM,11:06 PM,11:10 PM
"July 16, 2025","Muharram 21, 1447  ",3:27 AM,4:30 AM,5:22 AM,1:18 PM,1:45 PM,5:32 PM,6:00 PM,9:12 PM,9:17 PM,11:06 PM,11:10 PM
"July 17, 2025","Muharram 22, 1447  ",3:27 AM,4:30 AM,5:23 AM,1:18 PM,1:45 PM,5:31 PM,6:00 PM,9:11 PM,9:16 PM,11:05 PM,11:10 PM
"July 18, 2025","Muharram 23, 1447  ",3:28 AM,4:40 AM,5:24 AM,1:18 PM,1:45 PM,5:31 PM,6:00 PM,9:10 PM,9:15 PM,11:05 PM,11:10 PM
"July 19, 2025","Muharram 24, 1447  ",3:29 AM,4:40 AM,5:25 AM,1:18 PM,1:45 PM,5:31 PM,6:00 PM,9:09 PM,9:14 PM,11:04 PM,11:10 PM
"July 20, 2025","Muharram 25, 1447  ",3:29 AM,4:40 AM,5:26 AM,1:18 PM,1:45 PM,5:30 PM,6:00 PM,9:08 PM,9:13 PM,11:04 PM,11:10 PM
"July 21, 2025","Muharram 26, 1447  ",3:30 AM,4:40 AM,5:28 AM,1:18 PM,1:45 PM,5:30 PM,6:00 PM,9:07 PM,9:12 PM,11:03 PM,11:10 PM
"July 22, 2025","Muharram 27, 1447  ",3:31 AM,4:40 AM,5:29 AM,1:18 PM,1:45 PM,5:30 PM,6:00 PM,9:05 PM,9:10 PM,11:03 PM,11:10 PM
"July 23, 2025","Muharram 28, 1447  ",3:31 AM,4:40 AM,5:30 AM,1:18 PM,1:45 PM,5:29 PM,6:00 PM,9:04 PM,9:09 PM,11:02 PM,11:10 PM
"July 24, 2025","Muharram 29, 1447  ",3:32 AM,4:40 AM,5:31 AM,1:18 PM,1:45 PM,5:29 PM,6:00 PM,9:03 PM,9:08 PM,11:01 PM,11:10 PM
"July 25, 2025","Muharram 30, 1447",3:33 AM,4:50 AM,5:33 AM,1:18 PM,1:45 PM,5:28 PM,6:00 PM,9:02 PM,9:07 PM,11:01 PM,11:00 PM
"July 26, 2025","Safar 1, 1447  ",3:33 AM,4:50 AM,5:34 AM,1:18 PM,1:45 PM,5:28 PM,6:00 PM,9:01 PM,9:06 PM,11:00 PM,11:00 PM
"July 27, 2025","Safar 2, 1447  ",3:34 AM,4:50 AM,5:35 AM,1:18 PM,1:45 PM,5:27 PM,6:00 PM,8:59 PM,9:04 PM,10:59 PM,11:00 PM
"July 28, 2025","Safar 3, 1447  ",3:35 AM,4:50 AM,5:36 AM,1:18 PM,1:45 PM,5:27 PM,6:00 PM,8:58 PM,9:03 PM,10:59 PM,11:00 PM
"July 29, 2025","Safar 4, 1447  ",3:35 AM,4:50 AM,5:38 AM,1:18 PM,1:45 PM,5:26 PM,6:00 PM,8:57 PM,9:02 PM,10:58 PM,11:00 PM
"July 30, 2025","Safar 5, 1447  ",3:36 AM,4:50 AM,5:39 AM,1:18 PM,1:45 PM,5:26 PM,6:00 PM,8:55 PM,9:00 PM,10:57 PM,11:00 PM
"July 31, 2025","Safar 6, 1447  ",3:46 AM,4:50 AM,5:40 AM,1:18 PM,1:45 PM,5:25 PM,6:00 PM,8:54 PM,8:59 PM,10:50 PM,11:00 PM
"August 1, 2025","Safar 7, 1447  ",3:48 AM,5:00 AM,5:42 AM,1:18 PM,1:45 PM,5:25 PM,6:00 PM,8:52 PM,8:57 PM,10:48 PM,10:45 PM
"August 2, 2025","Safar 8, 1447  ",3:51 AM,5:00 AM,5:43 AM,1:18 PM,1:45 PM,5:24 PM,6:00 PM,8:51 PM,8:56 PM,10:45 PM,10:45 PM
"August 3, 2025","Safar 9, 1447  ",3:53 AM,5:00 AM,5:45 AM,1:18 PM,1:45 PM,5:23 PM,6:00 PM,8:49 PM,8:54 PM,10:43 PM,10:45 PM
"August 4, 2025","Safar 10, 1447  ",3:55 AM,5:00 AM,5:46 AM,1:18 PM,1:45 PM,5:23 PM,6:00 PM,8:48 PM,8:53 PM,10:40 PM,10:45 PM
"August 5, 2025","Safar 11, 1447  ",3:57 AM,5:00 AM,5:47 AM,1:18 PM,1:45 PM,5:22 PM,6:00 PM,8:46 PM,8:51 PM,10:38 PM,10:45 PM
"August 6, 2025","Safar 12, 1447  ",4:00 AM,5:00 AM,5:49 AM,1:18 PM,1:45 PM,5:21 PM,6:00 PM,8:44 PM,8:49 PM,10:35 PM,10:45 PM
"August 7, 2025","Safar 13, 1447  ",4:02 AM,5:00 AM,5:50 AM,1:17 PM,1:45 PM,5:21 PM,6:00 PM,8:43 PM,8:48 PM,10:33 PM,10:45 PM
"August 8, 2025","Safar 14, 1447  ",4:04 AM,5:15 AM,5:52 AM,1:17 PM,1:45 PM,5:20 PM,6:00 PM,8:41 PM,8:46 PM,10:30 PM,10:30 PM
"August 9, 2025","Safar 15, 1447  ",4:06 AM,5:15 AM,5:53 AM,1:17 PM,1:45 PM,5:19 PM,6:00 PM,8:39 PM,8:44 PM,10:28 PM,10:30 PM
"August 10, 2025","Safar 16, 1447  ",4:09 AM,5:15 AM,5:54 AM,1:17 PM,1:45 PM,5:18 PM,6:00 PM,8:38 PM,8:43 PM,10:25 PM,10:30 PM
"August 11, 2025","Safar 17, 1447  ",4:11 AM,5:15 AM,5:56 AM,1:17 PM,1:45 PM,5:17 PM,6:00 PM,8:36 PM,8:41 PM,10:23 PM,10:30 PM
"August 12, 2025","Safar 18, 1447  ",4:13 AM,5:15 AM,5:57 AM,1:17 PM,1:45 PM,5:16 PM,6:00 PM,8:34 PM,8:39 PM,10:20 PM,10:30 PM
"August 13, 2025","Safar 19, 1447  ",4:15 AM,5:15 AM,5:59 AM,1:17 PM,1:45 PM,5:16 PM,6:00 PM,8:32 PM,8:37 PM,10:18 PM,10:30 PM
"August 14, 2025","Safar 20, 1447  ",4:17 AM,5:15 AM,6:00 AM,1:16 PM,1:45 PM,5:15 PM,6:00 PM,8:31 PM,8:36 PM,10:15 PM,10:30 PM
"August 15, 2025","Safar 21, 1447  ",4:19 AM,5:15 AM,6:01 AM,1:16 PM,1:45 PM,5:14 PM,6:00 PM,8:29 PM,8:34 PM,10:13 PM,10:15 PM
"August 16, 2025","Safar 22, 1447  ",4:22 AM,5:15 AM,6:03 AM,1:16 PM,1:45 PM,5:13 PM,6:00 PM,8:27 PM,8:32 PM,10:10 PM,10:15 PM
"August 17, 2025","Safar 23, 1447  ",4:24 AM,5:15 AM,6:04 AM,1:16 PM,1:45 PM,5:12 PM,6:00 PM,8:25 PM,8:30 PM,10:08 PM,10:15 PM
"August 18, 2025","Safar 24, 1447  ",4:26 AM,5:15 AM,6:06 AM,1:16 PM,1:45 PM,5:11 PM,6:00 PM,8:23 PM,8:28 PM,10:05 PM,10:15 PM
"August 19, 2025","Safar 25, 1447  ",4:28 AM,5:15 AM,6:07 AM,1:15 PM,1:45 PM,5:10 PM,6:00 PM,8:21 PM,8:26 PM,10:03 PM,10:15 PM
"August 20, 2025","Safar 26, 1447  ",4:30 AM,5:15 AM,6:09 AM,1:15 PM,1:45 PM,5:09 PM,6:00 PM,8:19 PM,8:24 PM,10:00 PM,10:15 PM
"August 21, 2025","Safar 27, 1447  ",4:32 AM,5:15 AM,6:10 AM,1:15 PM,1:45 PM,5:08 PM,6:00 PM,8:18 PM,8:23 PM,9:58 PM,10:15 PM
"August 22, 2025","Safar 28, 1447  ",4:34 AM,5:15 AM,6:12 AM,1:15 PM,1:45 PM,5:07 PM,6:00 PM,8:16 PM,8:21 PM,9:55 PM,10:00 PM
"August 23, 2025","Safar 29, 1447  ",4:36 AM,5:15 AM,6:13 AM,1:14 PM,1:45 PM,5:05 PM,6:00 PM,8:14 PM,8:19 PM,9:53 PM,10:00 PM
"August 24, 2025","Rabi Al-Awwal 1, 1447  ",4:38 AM,5:15 AM,6:14 AM,1:14 PM,1:45 PM,5:04 PM,6:00 PM,8:12 PM,8:17 PM,9:50 PM,10:00 PM
"August 25, 2025","Rabi Al-Awwal 2, 1447  ",4:40 AM,5:15 AM,6:16 AM,1:14 PM,1:45 PM,5:03 PM,6:00 PM,8:10 PM,8:15 PM,9:48 PM,10:00 PM
"August 26, 2025","Rabi Al-Awwal 3, 1447  ",4:42 AM,5:15 AM,6:17 AM,1:14 PM,1:45 PM,5:02 PM,6:00 PM,8:08 PM,8:13 PM,9:45 PM,10:00 PM
"August 27, 2025","Rabi Al-Awwal 4, 1447  ",4:44 AM,5:15 AM,6:19 AM,1:13 PM,1:45 PM,5:01 PM,6:00 PM,8:06 PM,8:11 PM,9:43 PM,10:00 PM
"August 28, 2025","Rabi Al-Awwal 5, 1447  ",4:46 AM,5:15 AM,6:20 AM,1:13 PM,1:45 PM,5:00 PM,6:00 PM,8:04 PM,8:09 PM,9:40 PM,10:00 PM
"August 29, 2025","Rabi Al-Awwal 6, 1447  ",4:48 AM,5:30 AM,6:22 AM,1:13 PM,1:45 PM,4:58 PM,5:30 PM,8:02 PM,8:07 PM,9:37 PM,9:45 PM
"August 30, 2025","Rabi Al-Awwal 7, 1447  ",4:50 AM,5:30 AM,6:23 AM,1:12 PM,1:45 PM,4:57 PM,5:30 PM,8:00 PM,8:05 PM,9:35 PM,9:45 PM
"August 31, 2025","Rabi Al-Awwal 8, 1447  ",4:52 AM,5:30 AM,6:25 AM,1:12 PM,1:45 PM,4:56 PM,5:30 PM,7:58 PM,8:03 PM,9:32 PM,9:45 PM
"September 1, 2025","Rabi Al-Awwal 9, 1447  ",4:54 AM,5:30 AM,6:26 AM,1:12 PM,1:45 PM,4:55 PM,5:30 PM,7:55 PM,8:00 PM,9:30 PM,9:45 PM
"September 2, 2025","Rabi Al-Awwal 10, 1447  ",4:55 AM,5:30 AM,6:27 AM,1:11 PM,1:45 PM,4:53 PM,5:30 PM,7:53 PM,7:58 PM,9:27 PM,9:45 PM
"September 3, 2025","Rabi Al-Awwal 11, 1447  ",4:57 AM,5:30 AM,6:29 AM,1:11 PM,1:45 PM,4:52 PM,5:30 PM,7:51 PM,7:56 PM,9:25 PM,9:45 PM
"September 4, 2025","Rabi Al-Awwal 12, 1447  ",4:59 AM,5:30 AM,6:30 AM,1:11 PM,1:45 PM,4:51 PM,5:30 PM,7:49 PM,7:54 PM,9:22 PM,9:45 PM
"September 5, 2025","Rabi Al-Awwal 13, 1447  ",5:01 AM,5:30 AM,6:32 AM,1:10 PM,1:45 PM,4:49 PM,5:30 PM,7:47 PM,7:52 PM,9:20 PM,9:30 PM
"September 6, 2025","Rabi Al-Awwal 14, 1447  ",5:03 AM,5:30 AM,6:33 AM,1:10 PM,1:45 PM,4:48 PM,5:30 PM,7:45 PM,7:50 PM,9:17 PM,9:30 PM
"September 7, 2025","Rabi Al-Awwal 15, 1447  ",5:05 AM,5:30 AM,6:35 AM,1:10 PM,1:45 PM,4:47 PM,5:30 PM,7:43 PM,7:48 PM,9:15 PM,9:30 PM
"September 8, 2025","Rabi Al-Awwal 16, 1447  ",5:06 AM,5:30 AM,6:36 AM,1:09 PM,1:45 PM,4:45 PM,5:30 PM,7:41 PM,7:46 PM,9:12 PM,9:30 PM
"September 9, 2025","Rabi Al-Awwal 17, 1447  ",5:08 AM,5:30 AM,6:38 AM,1:09 PM,1:45 PM,4:44 PM,5:30 PM,7:39 PM,7:44 PM,9:10 PM,9:30 PM
"September 10, 2025","Rabi Al-Awwal 18, 1447  ",5:10 AM,5:30 AM,6:39 AM,1:09 PM,1:45 PM,4:43 PM,5:30 PM,7:37 PM,7:42 PM,9:08 PM,9:30 PM
"September 11, 2025","Rabi Al-Awwal 19, 1447  ",5:12 AM,5:30 AM,6:40 AM,1:08 PM,1:45 PM,4:41 PM,5:30 PM,7:34 PM,7:39 PM,9:05 PM,9:30 PM
"September 12, 2025","Rabi Al-Awwal 20, 1447  ",5:13 AM,5:45 AM,6:42 AM,1:08 PM,1:45 PM,4:40 PM,5:00 PM,7:32 PM,7:37 PM,9:03 PM,9:05 PM
"September 13, 2025","Rabi Al-Awwal 21, 1447  ",5:15 AM,5:45 AM,6:43 AM,1:08 PM,1:45 PM,4:38 PM,5:00 PM,7:30 PM,7:35 PM,9:00 PM,9:05 PM
"September 14, 2025","Rabi Al-Awwal 22, 1447  ",5:17 AM,5:45 AM,6:45 AM,1:07 PM,1:45 PM,4:37 PM,5:00 PM,7:28 PM,7:33 PM,8:58 PM,9:05 PM
"September 15, 2025","Rabi Al-Awwal 23, 1447  ",5:18 AM,5:45 AM,6:46 AM,1:07 PM,1:45 PM,4:35 PM,5:00 PM,7:26 PM,7:31 PM,8:55 PM,9:05 PM
"September 16, 2025","Rabi Al-Awwal 24, 1447  ",5:20 AM,5:45 AM,6:48 AM,1:07 PM,1:45 PM,4:34 PM,5:00 PM,7:24 PM,7:29 PM,8:53 PM,9:05 PM
"September 17, 2025","Rabi Al-Awwal 25, 1447  ",5:22 AM,5:45 AM,6:49 AM,1:06 PM,1:45 PM,4:32 PM,5:00 PM,7:21 PM,7:26 PM,8:51 PM,9:05 PM
"September 18, 2025","Rabi Al-Awwal 26, 1447  ",5:23 AM,5:45 AM,6:51 AM,1:06 PM,1:45 PM,4:31 PM,5:00 PM,7:19 PM,7:24 PM,8:48 PM,9:05 PM
"September 19, 2025","Rabi Al-Awwal 27, 1447  ",5:25 AM,5:45 AM,6:52 AM,1:06 PM,1:45 PM,4:29 PM,5:00 PM,7:17 PM,7:22 PM,8:46 PM,9:00 PM
"September 20, 2025","Rabi Al-Awwal 28, 1447  ",5:27 AM,5:45 AM,6:53 AM,1:05 PM,1:45 PM,4:28 PM,5:00 PM,7:15 PM,7:20 PM,8:44 PM,9:00 PM
"September 21, 2025","Rabi Al-Awwal 29, 1447  ",5:28 AM,5:45 AM,6:55 AM,1:05 PM,1:45 PM,4:26 PM,5:00 PM,7:13 PM,7:18 PM,8:41 PM,9:00 PM
"September 22, 2025","Rabi Al-Awwal 30, 1447",5:30 AM,5:45 AM,6:56 AM,1:04 PM,1:45 PM,4:25 PM,5:00 PM,7:11 PM,7:16 PM,8:39 PM,9:00 PM
"September 23, 2025","Rabi Al-Thani 1, 1447  ",5:32 AM,5:45 AM,6:58 AM,1:04 PM,1:45 PM,4:23 PM,5:00 PM,7:09 PM,7:14 PM,8:37 PM,9:00 PM
"September 24, 2025","Rabi Al-Thani 2, 1447  ",5:33 AM,5:45 AM,6:59 AM,1:04 PM,1:45 PM,4:22 PM,5:00 PM,7:06 PM,7:11 PM,8:34 PM,9:00 PM
"September 25, 2025","Rabi Al-Thani 3, 1447  ",5:35 AM,5:45 AM,7:01 AM,1:03 PM,1:45 PM,4:20 PM,5:00 PM,7:04 PM,7:09 PM,8:32 PM,9:00 PM
"September 26, 2025","Rabi Al-Thani 4, 1447  ",5:36 AM,6:00 AM,7:02 AM,1:03 PM,1:45 PM,4:19 PM,5:00 PM,7:02 PM,7:07 PM,8:30 PM,8:30 PM
"September 27, 2025","Rabi Al-Thani 5, 1447  ",5:38 AM,6:00 AM,7:04 AM,1:03 PM,1:45 PM,4:17 PM,5:00 PM,7:00 PM,7:05 PM,8:27 PM,8:30 PM
"September 28, 2025","Rabi Al-Thani 6, 1447  ",5:40 AM,6:00 AM,7:05 AM,1:02 PM,1:45 PM,4:15 PM,5:00 PM,6:58 PM,7:03 PM,8:25 PM,8:30 PM
"September 29, 2025","Rabi Al-Thani 7, 1447  ",5:41 AM,6:00 AM,7:07 AM,1:02 PM,1:45 PM,4:14 PM,5:00 PM,6:56 PM,7:01 PM,8:23 PM,8:30 PM
"September 30, 2025","Rabi Al-Thani 8, 1447  ",5:43 AM,6:00 AM,7:08 AM,1:02 PM,1:45 PM,4:12 PM,5:00 PM,6:53 PM,6:58 PM,8:21 PM,8:30 PM
"October 1, 2025","Rabi Al-Thani 9, 1447  ",5:44 AM,6:00 AM,7:10 AM,1:01 PM,1:45 PM,4:11 PM,5:00 PM,6:51 PM,6:56 PM,8:18 PM,8:30 PM
"October 2, 2025","Rabi Al-Thani 10, 1447  ",5:46 AM,6:00 AM,7:11 AM,1:01 PM,1:45 PM,4:09 PM,5:00 PM,6:49 PM,6:54 PM,8:16 PM,8:30 PM
"October 3, 2025","Rabi Al-Thani 11, 1447  ",5:47 AM,6:15 AM,7:13 AM,1:01 PM,1:45 PM,4:08 PM,4:30 PM,6:47 PM,6:52 PM,8:14 PM,8:30 PM
"October 4, 2025","Rabi Al-Thani 12, 1447  ",5:49 AM,6:15 AM,7:14 AM,1:00 PM,1:45 PM,4:06 PM,4:30 PM,6:45 PM,6:50 PM,8:12 PM,8:30 PM
"October 5, 2025","Rabi Al-Thani 13, 1447  ",5:50 AM,6:15 AM,7:15 AM,1:00 PM,1:45 PM,4:04 PM,4:30 PM,6:43 PM,6:48 PM,8:10 PM,8:30 PM
"October 6, 2025","Rabi Al-Thani 14, 1447  ",5:52 AM,6:15 AM,7:17 AM,1:00 PM,1:45 PM,4:03 PM,4:30 PM,6:41 PM,6:46 PM,8:08 PM,8:30 PM
"October 7, 2025","Rabi Al-Thani 15, 1447  ",5:53 AM,6:15 AM,7:19 AM,1:00 PM,1:45 PM,4:01 PM,4:30 PM,6:39 PM,6:44 PM,8:06 PM,8:30 PM
"October 8, 2025","Rabi Al-Thani 16, 1447  ",5:55 AM,6:15 AM,7:20 AM,12:59 PM,1:45 PM,4:00 PM,4:30 PM,6:37 PM,6:42 PM,8:03 PM,8:30 PM
"October 9, 2025","Rabi Al-Thani 17, 1447  ",5:57 AM,6:15 AM,7:22 AM,12:59 PM,1:45 PM,3:58 PM,4:30 PM,6:35 PM,6:40 PM,8:01 PM,8:30 PM
"October 10, 2025","Rabi Al-Thani 18, 1447  ",5:58 AM,6:15 AM,7:23 AM,12:59 PM,1:45 PM,3:56 PM,4:30 PM,6:33 PM,6:38 PM,7:59 PM,8:00 PM
"October 11, 2025","Rabi Al-Thani 19, 1447  ",6:00 AM,6:15 AM,7:25 AM,12:58 PM,1:45 PM,3:55 PM,4:30 PM,6:30 PM,6:35 PM,7:57 PM,8:00 PM
"October 12, 2025","Rabi Al-Thani 20, 1447  ",6:01 AM,6:15 AM,7:26 AM,12:58 PM,1:45 PM,3:53 PM,4:30 PM,6:28 PM,6:33 PM,7:55 PM,8:00 PM
"October 13, 2025","Rabi Al-Thani 21, 1447  ",6:03 AM,6:15 AM,7:28 AM,12:58 PM,1:45 PM,3:52 PM,4:30 PM,6:26 PM,6:31 PM,7:53 PM,8:00 PM
"October 14, 2025","Rabi Al-Thani 22, 1447  ",6:04 AM,6:15 AM,7:29 AM,12:58 PM,1:45 PM,3:50 PM,4:30 PM,6:24 PM,6:29 PM,7:51 PM,8:00 PM
"October 15, 2025","Rabi Al-Thani 23, 1447  ",6:05 AM,6:15 AM,7:31 AM,12:57 PM,1:45 PM,3:49 PM,4:30 PM,6:22 PM,6:27 PM,7:49 PM,8:00 PM
"October 16, 2025","Rabi Al-Thani 24, 1447  ",6:07 AM,6:15 AM,7:32 AM,12:57 PM,1:45 PM,3:47 PM,4:30 PM,6:20 PM,6:25 PM,7:47 PM,8:00 PM
"October 17, 2025","Rabi Al-Thani 25, 1447  ",6:08 AM,6:25 AM,7:34 AM,12:57 PM,1:45 PM,3:45 PM,4:30 PM,6:18 PM,6:23 PM,7:46 PM,8:00 PM
"October 18, 2025","Rabi Al-Thani 26, 1447  ",6:10 AM,6:25 AM,7:35 AM,12:57 PM,1:45 PM,3:44 PM,4:30 PM,6:16 PM,6:21 PM,7:44 PM,8:00 PM
"October 19, 2025","Rabi Al-Thani 27, 1447  ",6:11 AM,6:25 AM,7:37 AM,12:57 PM,1:45 PM,3:42 PM,4:30 PM,6:15 PM,6:20 PM,7:42 PM,8:00 PM
"October 20, 2025","Rabi Al-Thani 28, 1447  ",6:13 AM,6:25 AM,7:39 AM,12:56 PM,1:45 PM,3:41 PM,4:30 PM,6:13 PM,6:18 PM,7:40 PM,8:00 PM
"October 21, 2025","Rabi Al-Thani 29, 1447  ",6:14 AM,6:25 AM,7:40 AM,12:56 PM,1:45 PM,3:39 PM,4:30 PM,6:11 PM,6:16 PM,7:38 PM,8:00 PM
"October 22, 2025","Rabi Al-Thani 30, 1447",6:16 AM,6:25 AM,7:42 AM,12:56 PM,1:45 PM,3:38 PM,4:30 PM,6:09 PM,6:14 PM,7:36 PM,8:00 PM
"October 23, 2025","Jumada Al-Awwal 1, 1447  ",6:17 AM,6:25 AM,7:43 AM,12:56 PM,1:45 PM,3:36 PM,4:30 PM,6:07 PM,6:12 PM,7:35 PM,8:00 PM
"October 24, 2025","Jumada Al-Awwal 2, 1447  ",6:19 AM,6:35 AM,7:45 AM,12:56 PM,1:45 PM,3:35 PM,4:00 PM,6:05 PM,6:10 PM,7:33 PM,8:00 PM
"October 25, 2025","Jumada Al-Awwal 3, 1447  ",6:20 AM,6:35 AM,7:46 AM,12:56 PM,1:45 PM,3:34 PM,4:00 PM,6:03 PM,6:08 PM,7:31 PM,8:00 PM
"October 26, 2025","Jumada Al-Awwal 4, 1447  ",6:22 AM,6:35 AM,7:48 AM,12:56 PM,1:45 PM,3:32 PM,4:00 PM,6:01 PM,6:06 PM,7:30 PM,8:00 PM
"October 27, 2025","Jumada Al-Awwal 5, 1447  ",6:23 AM,6:35 AM,7:50 AM,12:55 PM,1:45 PM,3:31 PM,4:00 PM,6:00 PM,6:05 PM,7:28 PM,8:00 PM
"October 28, 2025","Jumada Al-Awwal 6, 1447  ",6:24 AM,6:35 AM,7:51 AM,12:55 PM,1:45 PM,3:29 PM,4:00 PM,5:58 PM,6:03 PM,7:26 PM,8:00 PM
"October 29, 2025","Jumada Al-Awwal 7, 1447  ",6:26 AM,6:35 AM,7:53 AM,12:55 PM,1:45 PM,3:28 PM,4:00 PM,5:56 PM,6:01 PM,7:25 PM,8:00 PM
"October 30, 2025","Jumada Al-Awwal 8, 1447  ",6:27 AM,6:35 AM,7:54 AM,12:55 PM,1:45 PM,3:27 PM,4:00 PM,5:54 PM,5:59 PM,7:23 PM,8:00 PM
"October 31, 2025","Jumada Al-Awwal 9, 1447  ",6:29 AM,6:45 AM,7:56 AM,12:55 PM,1:45 PM,3:25 PM,4:00 PM,5:53 PM,5:58 PM,7:22 PM,8:00 PM
"November 1, 2025","Jumada Al-Awwal 10, 1447  ",6:30 AM,6:45 AM,7:58 AM,12:55 PM,1:45 PM,3:24 PM,4:00 PM,5:51 PM,5:56 PM,7:20 PM,8:00 PM
"November 2, 2025","Jumada Al-Awwal 11, 1447  ",5:33 AM,5:45 AM,7:01 AM,11:55 AM,12:45 PM,2:21 PM,3:00 PM,4:48 PM,4:53 PM,6:17 PM,7:30 PM
"November 3, 2025","Jumada Al-Awwal 12, 1447  ",5:35 AM,5:45 AM,7:03 AM,11:55 AM,12:45 PM,2:20 PM,3:00 PM,4:46 PM,4:51 PM,6:16 PM,7:30 PM
"November 4, 2025","Jumada Al-Awwal 13, 1447  ",5:36 AM,5:45 AM,7:04 AM,11:55 AM,12:45 PM,2:19 PM,3:00 PM,4:45 PM,4:50 PM,6:14 PM,7:30 PM
"November 5, 2025","Jumada Al-Awwal 14, 1447  ",5:37 AM,5:45 AM,7:06 AM,11:55 AM,12:45 PM,2:17 PM,3:00 PM,4:43 PM,4:48 PM,6:13 PM,7:30 PM
"November 6, 2025","Jumada Al-Awwal 15, 1447  ",5:39 AM,5:45 AM,7:07 AM,11:55 AM,12:45 PM,2:16 PM,3:00 PM,4:41 PM,4:46 PM,6:12 PM,7:30 PM
"November 7, 2025","Jumada Al-Awwal 16, 1447  ",5:40 AM,6:00 AM,7:09 AM,11:55 AM,12:45 PM,2:15 PM,3:00 PM,4:40 PM,4:45 PM,6:10 PM,7:30 PM
"November 8, 2025","Jumada Al-Awwal 17, 1447  ",5:41 AM,6:00 AM,7:11 AM,11:55 AM,12:45 PM,2:14 PM,3:00 PM,4:39 PM,4:44 PM,6:09 PM,7:30 PM
"November 9, 2025","Jumada Al-Awwal 18, 1447  ",5:43 AM,6:00 AM,7:12 AM,11:55 AM,12:45 PM,2:13 PM,3:00 PM,4:37 PM,4:42 PM,6:08 PM,7:30 PM
"November 10, 2025","Jumada Al-Awwal 19, 1447  ",5:44 AM,6:00 AM,7:14 AM,11:56 AM,12:45 PM,2:12 PM,3:00 PM,4:36 PM,4:41 PM,6:07 PM,7:30 PM
"November 11, 2025","Jumada Al-Awwal 20, 1447  ",5:46 AM,6:00 AM,7:15 AM,11:56 AM,12:45 PM,2:11 PM,3:00 PM,4:34 PM,4:39 PM,6:06 PM,7:30 PM
"November 12, 2025","Jumada Al-Awwal 21, 1447  ",5:47 AM,6:00 AM,7:17 AM,11:56 AM,12:45 PM,2:10 PM,3:00 PM,4:33 PM,4:38 PM,6:05 PM,7:30 PM
"November 13, 2025","Jumada Al-Awwal 22, 1447  ",5:48 AM,6:00 AM,7:19 AM,11:56 AM,12:45 PM,2:09 PM,3:00 PM,4:32 PM,4:37 PM,6:04 PM,7:30 PM
"November 14, 2025","Jumada Al-Awwal 23, 1447  ",5:50 AM,6:10 AM,7:20 AM,11:56 AM,12:45 PM,2:08 PM,3:00 PM,4:30 PM,4:35 PM,6:03 PM,7:30 PM
"November 15, 2025","Jumada Al-Awwal 24, 1447  ",5:51 AM,6:10 AM,7:22 AM,11:56 AM,12:45 PM,2:07 PM,2:30 PM,4:29 PM,4:34 PM,6:02 PM,7:30 PM
"November 16, 2025","Jumada Al-Awwal 25, 1447  ",5:52 AM,6:10 AM,7:23 AM,11:56 AM,12:45 PM,2:06 PM,2:30 PM,4:28 PM,4:33 PM,6:01 PM,7:30 PM
"November 17, 2025","Jumada Al-Awwal 26, 1447  ",5:54 AM,6:10 AM,7:25 AM,11:57 AM,12:45 PM,2:05 PM,2:30 PM,4:27 PM,4:32 PM,6:00 PM,7:30 PM
"November 18, 2025","Jumada Al-Awwal 27, 1447  ",5:55 AM,6:10 AM,7:26 AM,11:57 AM,12:45 PM,2:04 PM,2:30 PM,4:26 PM,4:31 PM,5:59 PM,7:30 PM
"November 19, 2025","Jumada Al-Awwal 28, 1447  ",5:56 AM,6:10 AM,7:28 AM,11:57 AM,12:45 PM,2:03 PM,2:30 PM,4:25 PM,4:30 PM,5:58 PM,7:30 PM
"November 20, 2025","Jumada Al-Awwal 29, 1447  ",5:57 AM,6:10 AM,7:29 AM,11:57 AM,12:45 PM,2:03 PM,2:30 PM,4:24 PM,4:29 PM,5:57 PM,7:30 PM
"November 21, 2025","Jumada Al-Awwal 30, 1447",5:59 AM,6:15 AM,7:31 AM,11:58 AM,12:45 PM,2:02 PM,2:30 PM,4:23 PM,4:28 PM,5:56 PM,7:30 PM
"November 22, 2025","Jumada Al-Akhirah 1, 1447  ",6:00 AM,6:15 AM,7:32 AM,11:58 AM,12:45 PM,2:01 PM,2:30 PM,4:22 PM,4:27 PM,5:56 PM,7:30 PM
"November 23, 2025","Jumada Al-Akhirah 2, 1447  ",6:01 AM,6:15 AM,7:34 AM,11:58 AM,12:45 PM,2:00 PM,2:30 PM,4:21 PM,4:26 PM,5:55 PM,7:30 PM
"November 24, 2025","Jumada Al-Akhirah 3, 1447  ",6:02 AM,6:15 AM,7:35 AM,11:58 AM,12:45 PM,2:00 PM,2:30 PM,4:20 PM,4:25 PM,5:54 PM,7:30 PM
"November 25, 2025","Jumada Al-Akhirah 4, 1447  ",6:04 AM,6:15 AM,7:37 AM,11:59 AM,12:45 PM,1:59 PM,2:30 PM,4:19 PM,4:24 PM,5:54 PM,7:30 PM
"November 26, 2025","Jumada Al-Akhirah 5, 1447  ",6:05 AM,6:15 AM,7:38 AM,11:59 AM,12:45 PM,1:59 PM,2:30 PM,4:19 PM,4:24 PM,5:53 PM,7:30 PM
"November 27, 2025","Jumada Al-Akhirah 6, 1447  ",6:06 AM,6:15 AM,7:40 AM,11:59 AM,12:45 PM,1:58 PM,2:30 PM,4:18 PM,4:23 PM,5:53 PM,7:30 PM
"November 28, 2025","Jumada Al-Akhirah 7, 1447  ",6:07 AM,6:20 AM,7:41 AM,12:00 PM,12:45 PM,1:58 PM,2:30 PM,4:17 PM,4:22 PM,5:52 PM,7:30 PM
"November 29, 2025","Jumada Al-Akhirah 8, 1447  ",6:08 AM,6:20 AM,7:42 AM,12:00 PM,12:45 PM,1:57 PM,2:30 PM,4:16 PM,4:21 PM,5:52 PM,7:30 PM
"November 30, 2025","Jumada Al-Akhirah 9, 1447  ",6:09 AM,6:20 AM,7:44 AM,12:00 PM,12:45 PM,1:57 PM,2:30 PM,4:16 PM,4:21 PM,5:52 PM,7:30 PM
"December 1, 2025","Jumada Al-Akhirah 10, 1447  ",6:10 AM,6:20 AM,7:45 AM,12:01 PM,12:45 PM,1:57 PM,2:30 PM,4:15 PM,4:20 PM,5:51 PM,7:30 PM
"December 2, 2025","Jumada Al-Akhirah 11, 1447  ",6:11 AM,6:20 AM,7:46 AM,12:01 PM,12:45 PM,1:56 PM,2:30 PM,4:15 PM,4:20 PM,5:51 PM,7:30 PM
"December 3, 2025","Jumada Al-Akhirah 12, 1447  ",6:12 AM,6:20 AM,7:47 AM,12:02 PM,12:45 PM,1:56 PM,2:30 PM,4:14 PM,4:19 PM,5:51 PM,7:30 PM
"December 4, 2025","Jumada Al-Akhirah 13, 1447  ",6:13 AM,6:20 AM,7:49 AM,12:02 PM,12:45 PM,1:56 PM,2:30 PM,4:14 PM,4:19 PM,5:51 PM,7:30 PM
"December 5, 2025","Jumada Al-Akhirah 14, 1447  ",6:14 AM,6:30 AM,7:50 AM,12:02 PM,12:45 PM,1:56 PM,2:30 PM,4:14 PM,4:19 PM,5:50 PM,7:30 PM
"December 6, 2025","Jumada Al-Akhirah 15, 1447  ",6:15 AM,6:30 AM,7:51 AM,12:03 PM,12:45 PM,1:56 PM,2:30 PM,4:13 PM,4:18 PM,5:50 PM,7:30 PM
"December 7, 2025","Jumada Al-Akhirah 16, 1447  ",6:16 AM,6:30 AM,7:52 AM,12:03 PM,12:45 PM,1:55 PM,2:30 PM,4:13 PM,4:18 PM,5:50 PM,7:30 PM
"December 8, 2025","Jumada Al-Akhirah 17, 1447  ",6:17 AM,6:30 AM,7:53 AM,12:04 PM,12:45 PM,1:55 PM,2:30 PM,4:13 PM,4:18 PM,5:50 PM,7:30 PM
"December 9, 2025","Jumada Al-Akhirah 18, 1447  ",6:18 AM,6:30 AM,7:54 AM,12:04 PM,12:45 PM,1:55 PM,2:30 PM,4:13 PM,4:18 PM,5:50 PM,7:30 PM
"December 10, 2025","Jumada Al-Akhirah 19, 1447  ",6:19 AM,6:30 AM,7:55 AM,12:05 PM,12:45 PM,1:55 PM,2:30 PM,4:13 PM,4:18 PM,5:50 PM,7:30 PM
"December 11, 2025","Jumada Al-Akhirah 20, 1447  ",6:20 AM,6:30 AM,7:56 AM,12:05 PM,12:45 PM,1:56 PM,2:30 PM,4:13 PM,4:18 PM,5:50 PM,7:30 PM
"December 12, 2025","Jumada Al-Akhirah 21, 1447  ",6:21 AM,6:30 AM,7:57 AM,12:06 PM,12:45 PM,1:56 PM,2:30 PM,4:13 PM,4:18 PM,5:50 PM,7:30 PM
"December 13, 2025","Jumada Al-Akhirah 22, 1447  ",6:21 AM,6:30 AM,7:58 AM,12:06 PM,12:45 PM,1:56 PM,2:30 PM,4:13 PM,4:18 PM,5:51 PM,7:30 PM
"December 14, 2025","Jumada Al-Akhirah 23, 1447  ",6:22 AM,6:30 AM,7:59 AM,12:06 PM,12:45 PM,1:56 PM,2:30 PM,4:13 PM,4:18 PM,5:51 PM,7:30 PM
"December 15, 2025","Jumada Al-Akhirah 24, 1447  ",6:23 AM,6:30 AM,8:00 AM,12:07 PM,12:45 PM,1:56 PM,2:30 PM,4:13 PM,4:18 PM,5:51 PM,7:30 PM
"December 16, 2025","Jumada Al-Akhirah 25, 1447  ",6:23 AM,6:30 AM,8:00 AM,12:07 PM,12:45 PM,1:57 PM,2:30 PM,4:14 PM,4:19 PM,5:51 PM,7:30 PM
"December 17, 2025","Jumada Al-Akhirah 26, 1447  ",6:24 AM,6:30 AM,8:01 AM,12:08 PM,12:45 PM,1:57 PM,2:30 PM,4:14 PM,4:19 PM,5:52 PM,7:30 PM
"December 18, 2025","Jumada Al-Akhirah 27, 1447  ",6:25 AM,6:30 AM,8:02 AM,12:08 PM,12:45 PM,1:57 PM,2:30 PM,4:14 PM,4:19 PM,5:52 PM,7:30 PM
"December 19, 2025","Jumada Al-Akhirah 28, 1447  ",6:25 AM,6:35 AM,8:02 AM,12:09 PM,12:45 PM,1:58 PM,2:30 PM,4:15 PM,4:20 PM,5:53 PM,7:30 PM
"December 20, 2025","Jumada Al-Akhirah 29, 1447  ",6:26 AM,6:35 AM,8:03 AM,12:09 PM,12:45 PM,1:58 PM,2:30 PM,4:15 PM,4:20 PM,5:53 PM,7:30 PM
"December 21, 2025","Rajab 1, 1447",6:26 AM,6:35 AM,8:03 AM,12:10 PM,12:45 PM,1:59 PM,2:30 PM,4:15 PM,4:20 PM,5:54 PM,7:30 PM
"December 22, 2025","Rajab 2, 1447",6:27 AM,6:35 AM,8:04 AM,12:10 PM,12:45 PM,1:59 PM,2:30 PM,4:16 PM,4:21 PM,5:54 PM,7:30 PM
"December 23, 2025","Rajab 3, 1447",6:27 AM,6:35 AM,8:04 AM,12:11 PM,12:45 PM,2:00 PM,2:30 PM,4:17 PM,4:22 PM,5:55 PM,7:30 PM
"December 24, 2025","Rajab 4, 1447",6:27 AM,6:35 AM,8:05 AM,12:11 PM,12:45 PM,2:01 PM,2:30 PM,4:17 PM,4:22 PM,5:55 PM,7:30 PM
"December 25, 2025","Rajab 5, 1447",6:28 AM,6:35 AM,8:05 AM,12:12 PM,12:45 PM,2:01 PM,2:30 PM,4:18 PM,4:23 PM,5:56 PM,7:30 PM
"December 26, 2025","Rajab 6, 1447",6:28 AM,6:35 AM,8:05 AM,12:12 PM,12:45 PM,2:02 PM,2:30 PM,4:19 PM,4:24 PM,5:57 PM,7:30 PM
"December 27, 2025","Rajab 7, 1447",6:28 AM,6:35 AM,8:05 AM,12:13 PM,12:45 PM,2:03 PM,2:30 PM,4:19 PM,4:24 PM,5:57 PM,7:30 PM
"December 28, 2025","Rajab 8, 1447",6:29 AM,6:35 AM,8:06 AM,12:13 PM,12:45 PM,2:03 PM,2:30 PM,4:20 PM,4:25 PM,5:58 PM,7:30 PM
"December 29, 2025","Rajab 9, 1447",6:29 AM,6:35 AM,8:06 AM,12:14 PM,12:45 PM,2:04 PM,2:30 PM,4:21 PM,4:26 PM,5:59 PM,7:30 PM
"December 30, 2025","Rajab 10, 1447",6:29 AM,6:35 AM,8:06 AM,12:14 PM,12:45 PM,2:05 PM,2:30 PM,4:22 PM,4:27 PM,6:00 PM,7:30 PM
"December 31, 2025","Rajab 11, 1447",6:29 AM,6:35 AM,8:06 AM,12:15 PM,12:45 PM,2:06 PM,2:30 PM,4:23 PM,4:28 PM,6:01 PM,7:30 PM
"January 1, 2026","Rajab 12, 1447",6:29 AM,6:35 AM,8:06 AM,12:15 PM,12:45 PM,2:06 PM,2:30 PM,4:23 PM,4:28 PM,6:01 PM,7:30 PM
"January 2, 2026","Rajab 13, 1447",6:29 AM,6:35 AM,8:06 AM,12:15 PM,12:45 PM,2:07 PM,2:30 PM,4:24 PM,4:29 PM,6:02 PM,7:30 PM
"January 3, 2026","Rajab 14, 1447",6:29 AM,6:35 AM,8:06 AM,12:16 PM,12:45 PM,2:08 PM,2:30 PM,4:25 PM,4:30 PM,6:02 PM,7:30 PM
"January 4, 2026","Rajab 15, 1447",6:29 AM,6:35 AM,8:06 AM,12:16 PM,12:45 PM,2:09 PM,2:30 PM,4:26 PM,4:31 PM,6:03 PM,7:30 PM
"January 5, 2026","Rajab 16, 1447",6:29 AM,6:35 AM,8:05 AM,12:17 PM,12:45 PM,2:10 PM,2:30 PM,4:27 PM,4:32 PM,6:04 PM,7:30 PM
"January 6, 2026","Rajab 17, 1447",6:29 AM,6:35 AM,8:05 AM,12:17 PM,12:45 PM,2:11 PM,2:30 PM,4:28 PM,4:33 PM,6:05 PM,7:30 PM
"January 7, 2026","Rajab 18, 1447",6:29 AM,6:35 AM,8:05 AM,12:18 PM,12:45 PM,2:12 PM,2:30 PM,4:30 PM,4:35 PM,6:06 PM,7:30 PM
"January 8, 2026","Rajab 19, 1447",6:29 AM,6:35 AM,8:05 AM,12:18 PM,12:45 PM,2:13 PM,2:30 PM,4:31 PM,4:36 PM,6:07 PM,7:30 PM
"January 9, 2026","Rajab 20, 1447",6:28 AM,6:35 AM,8:04 AM,12:18 PM,12:45 PM,2:14 PM,2:30 PM,4:32 PM,4:37 PM,6:09 PM,7:30 PM
"January 10, 2026","Rajab 21, 1447",6:28 AM,6:35 AM,8:04 AM,12:19 PM,12:45 PM,2:15 PM,2:30 PM,4:33 PM,4:38 PM,6:10 PM,7:30 PM
"January 11, 2026","Rajab 22, 1447",6:28 AM,6:35 AM,8:03 AM,12:19 PM,12:45 PM,2:16 PM,2:30 PM,4:35 PM,4:40 PM,6:11 PM,7:30 PM
"January 12, 2026","Rajab 23, 1447",6:27 AM,6:35 AM,8:03 AM,12:20 PM,12:45 PM,2:17 PM,2:30 PM,4:36 PM,4:41 PM,6:12 PM,7:30 PM
"January 13, 2026","Rajab 24, 1447",6:27 AM,6:35 AM,8:02 AM,12:20 PM,12:45 PM,2:18 PM,2:30 PM,4:37 PM,4:42 PM,6:13 PM,7:30 PM
"January 14, 2026","Rajab 25, 1447",6:26 AM,6:35 AM,8:01 AM,12:20 PM,12:45 PM,2:20 PM,2:30 PM,4:39 PM,4:44 PM,6:14 PM,7:30 PM
"January 15, 2026","Rajab 26, 1447",6:26 AM,6:35 AM,8:01 AM,12:21 PM,12:45 PM,2:21 PM,2:30 PM,4:40 PM,4:45 PM,6:15 PM,7:30 PM
"January 16, 2026","Rajab 27, 1447",6:25 AM,6:30 AM,7:59 AM,12:21 PM,12:45 PM,2:23 PM,3:00 PM,4:43 PM,4:48 PM,6:18 PM,7:30 PM
"January 17, 2026","Rajab 28, 1447",6:24 AM,6:30 AM,7:59 AM,12:21 PM,12:45 PM,2:25 PM,3:00 PM,4:44 PM,4:49 PM,6:18 PM,7:30 PM
"January 18, 2026","Rajab 29, 1447",6:24 AM,6:30 AM,7:58 AM,12:22 PM,12:45 PM,2:26 PM,3:00 PM,4:46 PM,4:51 PM,6:21 PM,7:30 PM
"January 19, 2026","Rajab 30, 1447",6:23 AM,6:30 AM,7:57 AM,12:22 PM,12:45 PM,2:27 PM,3:00 PM,4:47 PM,4:52 PM,6:22 PM,7:30 PM
"January 20, 2026","Shaban 1, 1447",6:22 AM,6:30 AM,7:56 AM,12:23 PM,12:45 PM,2:28 PM,3:00 PM,4:49 PM,4:54 PM,6:23 PM,7:30 PM
"January 21, 2026","Shaban 2, 1447",6:21 AM,6:30 AM,7:55 AM,12:23 PM,12:45 PM,2:30 PM,3:00 PM,4:51 PM,4:56 PM,6:24 PM,7:30 PM
"January 22, 2026","Shaban 3, 1447",6:21 AM,6:30 AM,7:54 AM,12:23 PM,12:45 PM,2:31 PM,3:00 PM,4:52 PM,4:57 PM,6:26 PM,7:30 PM
"January 23, 2026","Shaban 4, 1447",6:20 AM,6:30 AM,7:53 AM,12:23 PM,12:45 PM,2:32 PM,3:00 PM,4:54 PM,4:59 PM,6:27 PM,7:30 PM
"January 24, 2026","Shaban 5, 1447",6:19 AM,6:30 AM,7:52 AM,12:24 PM,12:45 PM,2:34 PM,3:00 PM,4:55 PM,5:00 PM,6:29 PM,7:30 PM
"January 25, 2026","Shaban 6, 1447",6:18 AM,6:30 AM,7:51 AM,12:24 PM,12:45 PM,2:35 PM,3:00 PM,4:57 PM,5:02 PM,6:30 PM,7:30 PM
"January 26, 2026","Shaban 7, 1447",6:17 AM,6:30 AM,7:49 AM,12:24 PM,12:45 PM,2:36 PM,3:00 PM,4:59 PM,5:04 PM,6:31 PM,7:30 PM
"January 27, 2026","Shaban 8, 1447",6:16 AM,6:30 AM,7:48 AM,12:24 PM,12:45 PM,2:38 PM,3:00 PM,5:00 PM,5:05 PM,6:33 PM,7:30 PM
"January 28, 2026","Shaban 9, 1447",6:15 AM,6:30 AM,7:47 AM,12:25 PM,12:45 PM,2:39 PM,3:00 PM,5:02 PM,5:07 PM,6:34 PM,7:30 PM
"January 29, 2026","Shaban 10, 1447",6:14 AM,6:30 AM,7:46 AM,12:25 PM,12:45 PM,2:40 PM,3:00 PM,5:03 PM,5:08 PM,6:36 PM,7:30 PM
"January 30, 2026","Shaban 11, 1447",6:13 AM,6:25 AM,7:44 AM,12:25 PM,12:45 PM,2:42 PM,3:00 PM,5:05 PM,5:10 PM,6:37 PM,7:30 PM
"January 31, 2026","Shaban 12, 1447",6:12 AM,6:25 AM,7:43 AM,12:25 PM,12:45 PM,2:43 PM,3:00 PM,5:07 PM,5:12 PM,6:38 PM,7:30 PM
"February 1, 2026","Shaban 13, 1447",6:10 AM,6:25 AM,7:41 AM,12:25 PM,12:45 PM,2:45 PM,3:00 PM,5:08 PM,5:13 PM,6:40 PM,7:30 PM
"February 2, 2026","Shaban 14, 1447",6:09 AM,6:25 AM,7:40 AM,12:25 PM,12:45 PM,2:46 PM,3:00 PM,5:10 PM,5:15 PM,6:41 PM,7:30 PM
"February 3, 2026","Shaban 15, 1447",6:08 AM,6:25 AM,7:39 AM,12:25 PM,12:45 PM,2:47 PM,3:00 PM,5:12 PM,5:17 PM,6:43 PM,7:30 PM
"February 4, 2026","Shaban 16, 1447",6:07 AM,6:25 AM,7:37 AM,12:25 PM,12:45 PM,2:49 PM,3:00 PM,5:13 PM,5:18 PM,6:44 PM,7:30 PM
"February 5, 2026","Shaban 17, 1447 ",6:05 AM,6:25 AM,7:36 AM,12:26 PM,12:45 PM,2:50 PM,3:00 PM,5:15 PM,5:20 PM,6:46 PM,7:30 PM
"February 6, 2026","Shaban 18, 1447 ",6:04 AM,6:15 AM,7:34 AM,12:26 PM,12:45 PM,2:51 PM,3:30 PM,5:17 PM,5:22 PM,6:47 PM,7:30 PM
"February 7, 2026","Shaban 19, 1447 ",6:03 AM,6:15 AM,7:33 AM,12:26 PM,12:45 PM,2:53 PM,3:30 PM,5:18 PM,5:23 PM,6:49 PM,7:30 PM
"February 8, 2026","Shaban 20, 1447 ",6:01 AM,6:15 AM,7:31 AM,12:26 PM,12:45 PM,2:54 PM,3:30 PM,5:20 PM,5:25 PM,6:50 PM,7:30 PM
"February 9, 2026","Shaban 21, 1447 ",6:00 AM,6:15 AM,7:29 AM,12:26 PM,12:45 PM,2:55 PM,3:30 PM,5:22 PM,5:27 PM,6:52 PM,7:30 PM
"February 10, 2026","Shaban 22, 1447 ",5:58 AM,6:15 AM,7:28 AM,12:26 PM,12:45 PM,2:57 PM,3:30 PM,5:24 PM,5:29 PM,6:53 PM,7:30 PM
"February 11, 2026","Shaban 23, 1447 ",5:57 AM,6:15 AM,7:26 AM,12:26 PM,12:45 PM,2:58 PM,3:30 PM,5:25 PM,5:30 PM,6:55 PM,7:30 PM
"February 12, 2026","Shaban 24, 1447 ",5:55 AM,6:15 AM,7:24 AM,12:26 PM,12:45 PM,2:59 PM,3:30 PM,5:27 PM,5:32 PM,6:56 PM,7:30 PM
"February 13, 2026","Shaban 25, 1447 ",5:54 AM,6:10 AM,7:23 AM,12:26 PM,12:45 PM,3:01 PM,3:30 PM,5:29 PM,5:34 PM,6:58 PM,7:30 PM
"February 14, 2026","Shaban 26, 1447 ",5:52 AM,6:10 AM,7:21 AM,12:26 PM,12:45 PM,3:02 PM,3:30 PM,5:30 PM,5:35 PM,6:59 PM,7:30 PM
"February 15, 2026","Shaban 27, 1447 ",5:50 AM,6:10 AM,7:19 AM,12:26 PM,12:45 PM,3:03 PM,3:30 PM,5:32 PM,5:37 PM,7:01 PM,7:30 PM
"February 16, 2026","Shaban 28, 1447 ",5:49 AM,6:10 AM,7:17 AM,12:26 PM,12:45 PM,3:04 PM,3:30 PM,5:34 PM,5:39 PM,7:02 PM,7:30 PM
"February 17, 2026","Shaban 29, 1447 ",5:47 AM,6:10 AM,7:15 AM,12:25 PM,12:45 PM,3:06 PM,3:30 PM,5:35 PM,5:40 PM,7:04 PM,7:30 PM
"February 18, 2026","Ramadan 1, 1447",5:45 AM,6:00 AM,7:14 AM,12:25 PM,12:45 PM,3:07 PM,3:30 PM,5:37 PM,5:42 PM,7:05 PM,7:30 PM
"February 19, 2026","Ramadan 2, 1447",5:44 AM,5:59 AM,7:12 AM,12:25 PM,12:45 PM,3:08 PM,3:30 PM,5:39 PM,5:44 PM,7:07 PM,7:30 PM
"February 20, 2026","Ramadan 3, 1447",5:42 AM,5:57 AM,7:10 AM,12:25 PM,12:45 PM,3:09 PM,3:30 PM,5:40 PM,5:45 PM,7:09 PM,7:30 PM
"February 21, 2026","Ramadan 4, 1447",5:40 AM,5:55 AM,7:08 AM,12:25 PM,12:45 PM,3:11 PM,3:30 PM,5:42 PM,5:47 PM,7:10 PM,7:30 PM
"February 22, 2026","Ramadan 5, 1447",5:38 AM,5:53 AM,7:06 AM,12:25 PM,12:45 PM,3:12 PM,3:30 PM,5:44 PM,5:49 PM,7:12 PM,7:30 PM
"February 23, 2026","Ramadan 6, 1447",5:36 AM,5:51 AM,7:04 AM,12:25 PM,12:45 PM,3:13 PM,3:30 PM,5:45 PM,5:50 PM,7:13 PM,7:30 PM
"February 24, 2026","Ramadan 7, 1447",5:35 AM,5:50 AM,7:02 AM,12:25 PM,12:45 PM,3:14 PM,3:30 PM,5:47 PM,5:52 PM,7:15 PM,7:30 PM
"February 25, 2026","Ramadan 8, 1447",5:33 AM,5:48 AM,7:00 AM,12:25 PM,12:45 PM,3:16 PM,3:30 PM,5:48 PM,5:53 PM,7:16 PM,7:30 PM
"February 26, 2026","Ramadan 9, 1447",5:31 AM,5:46 AM,6:58 AM,12:24 PM,12:45 PM,3:17 PM,3:30 PM,5:50 PM,5:55 PM,7:18 PM,7:30 PM
"February 27, 2026","Ramadan 10, 1447",5:29 AM,5:44 AM,6:56 AM,12:24 PM,12:45 PM,3:18 PM,4:00 PM,5:52 PM,5:57 PM,7:19 PM,7:45 PM
"February 28, 2026","Ramadan 11, 1447",5:27 AM,5:42 AM,6:54 AM,12:24 PM,12:45 PM,3:19 PM,4:00 PM,5:53 PM,5:58 PM,7:21 PM,7:45 PM
"March 1, 2026","Ramadan 12, 1447",5:25 AM,5:40 AM,6:52 AM,12:24 PM,12:45 PM,3:20 PM,4:00 PM,5:55 PM,6:00 PM,7:23 PM,7:45 PM 
"March 2, 2026","Ramadan 13, 1447",5:23 AM,5:38 AM,6:50 AM,12:24 PM,12:45 PM,3:21 PM,4:00 PM,5:57 PM,6:02 PM,7:24 PM,7:45 PM 
"March 3, 2026","Ramadan 14, 1447",5:21 AM,5:36 AM,6:48 AM,12:23 PM,12:45 PM,3:22 PM,4:00 PM,5:58 PM,6:03 PM,7:26 PM,7:45 PM 
"March 4, 2026","Ramadan 15, 1447",5:19 AM,5:34 AM,6:46 AM,12:23 PM,12:45 PM,3:24 PM,4:00 PM,6:00 PM,6:05 PM,7:27 PM,7:45 PM 
"March 5, 2026","Ramadan 16, 1447",5:17 AM,5:32 AM,6:44 AM,12:23 PM,12:45 PM,3:25 PM,4:00 PM,6:01 PM,6:06 PM,7:29 PM,7:45 PM 
"March 6, 2026","Ramadan 17, 1447",5:15 AM,5:30 AM,6:42 AM,12:23 PM,12:45 PM,3:26 PM,4:00 PM,6:03 PM,6:08 PM,7:31 PM,7:45 PM 
"March 7, 2026","Ramadan 18, 1447",5:13 AM,5:28 AM,6:40 AM,12:22 PM,12:45 PM,3:27 PM,4:00 PM,6:05 PM,6:10 PM,7:32 PM,7:45 PM 
"March 8, 2026","Ramadan 19, 1447",6:13 AM,6:28 AM,7:40 AM,1:22 PM,1:45 PM,4:27 PM,5:00 PM,7:05 PM,7:10 PM,8:32 PM,8:45 PM
"March 9, 2026","Ramadan 20, 1447",6:11 AM,6:26 AM,7:38 AM,1:22 PM,1:45 PM,4:28 PM,5:00 PM,7:06 PM,7:11 PM,8:34 PM,8:45 PM
"March 10, 2026","Ramadan 21, 1447",6:09 AM,6:24 AM,7:36 AM,1:22 PM,1:45 PM,4:29 PM,5:00 PM,7:08 PM,7:13 PM,8:35 PM,8:45 PM
"March 11, 2026","Ramadan 22, 1447",6:06 AM,6:21 AM,7:34 AM,1:22 PM,1:45 PM,4:30 PM,5:00 PM,7:09 PM,7:14 PM,8:37 PM,8:45 PM
"March 12, 2026","Ramadan 23, 1447",6:04 AM,6:19 AM,7:32 AM,1:21 PM,1:45 PM,4:31 PM,5:00 PM,7:11 PM,7:16 PM,8:39 PM,8:45 PM
"March 13, 2026","Ramadan 24, 1447",6:02 AM,6:17 AM,7:30 AM,1:21 PM,1:45 PM,4:32 PM,5:00 PM,7:12 PM,7:17 PM,8:40 PM,9:00 PM
"March 14, 2026","Ramadan 25, 1447",6:00 AM,6:15 AM,7:28 AM,1:21 PM,1:45 PM,4:33 PM,5:00 PM,7:14 PM,7:19 PM,8:42 PM,9:00 PM
"March 15, 2026","Ramadan 26, 1447",5:58 AM,6:13 AM,7:26 AM,1:21 PM,1:45 PM,4:34 PM,5:00 PM,7:16 PM,7:21 PM,8:44 PM,9:00 PM
"March 16, 2026","Ramadan 27, 1447",5:55 AM,6:10 AM,7:24 AM,1:20 PM,1:45 PM,4:35 PM,5:00 PM,7:17 PM,7:22 PM,8:45 PM,9:00 PM
"March 17, 2026","Ramadan 28, 1447",5:53 AM,6:08 AM,7:21 AM,1:20 PM,1:45 PM,4:36 PM,5:00 PM,7:19 PM,7:24 PM,8:47 PM,9:00 PM
"March 18, 2026","Ramadan 29, 1447",5:51 AM,6:06 AM,7:19 AM,1:20 PM,1:45 PM,4:37 PM,5:00 PM,7:20 PM,7:25 PM,8:49 PM,9:00 PM
"March 19, 2026","Ramadan 30, 1447",5:49 AM,6:04 AM,7:17 AM,1:19 PM,1:45 PM,4:38 PM,5:00 PM,7:22 PM,7:27 PM,8:50 PM,9:00 PM
"March 20, 2026","Shawwal 1, 1447",5:46 AM,6:00 AM,7:15 AM,1:19 PM,1:45 PM,4:39 PM,5:00 PM,7:23 PM,7:28 PM,8:52 PM,9:10 PM
"March 21, 2026","Shawwal 2, 1447",5:44 AM,6:00 AM,7:13 AM,1:19 PM,1:45 PM,4:40 PM,5:00 PM,7:25 PM,7:30 PM,8:54 PM,9:10 PM
"March 22, 2026","Shawwal 3, 1447",5:42 AM,6:00 AM,7:11 AM,1:19 PM,1:45 PM,4:40 PM,5:00 PM,7:26 PM,7:31 PM,8:55 PM,9:10 PM
"March 23, 2026","Shawwal 4, 1447",5:39 AM,6:00 AM,7:09 AM,1:18 PM,1:45 PM,4:41 PM,5:00 PM,7:28 PM,7:33 PM,8:57 PM,9:10 PM
"March 24, 2026","Shawwal 5, 1447",5:37 AM,6:00 AM,7:07 AM,1:18 PM,1:45 PM,4:42 PM,5:00 PM,7:29 PM,7:34 PM,8:59 PM,9:10 PM
"March 25, 2026","Shawwal 6, 1447",5:35 AM,6:00 AM,7:04 AM,1:18 PM,1:45 PM,4:43 PM,5:00 PM,7:31 PM,7:36 PM,9:01 PM,9:10 PM
"March 26, 2026","Shawwal 7, 1447",5:32 AM,6:00 AM,7:02 AM,1:17 PM,1:45 PM,4:44 PM,5:00 PM,7:33 PM,7:38 PM,9:02 PM,9:10 PM
"March 27, 2026","Shawwal 8, 1447",5:30 AM,5:45 AM,7:00 AM,1:17 PM,1:45 PM,4:45 PM,5:15 PM,7:34 PM,7:39 PM,9:04 PM,9:25 PM
"March 28, 2026","Shawwal 9, 1447",5:28 AM,5:45 AM,6:58 AM,1:17 PM,1:45 PM,4:46 PM,5:15 PM,7:36 PM,7:41 PM,9:06 PM,9:25 PM
"March 29, 2026","Shawwal 10, 1447",5:25 AM,5:45 AM,6:56 AM,1:17 PM,1:45 PM,4:46 PM,5:15 PM,7:37 PM,7:42 PM,9:08 PM,9:25 PM
"March 30, 2026","Shawwal 11, 1447",5:23 AM,5:45 AM,6:54 AM,1:16 PM,1:45 PM,4:47 PM,5:15 PM,7:39 PM,7:44 PM,9:10 PM,9:25 PM
"March 31, 2026","Shawwal 12, 1447",5:20 AM,5:45 AM,6:52 AM,1:16 PM,1:45 PM,4:48 PM,5:15 PM,7:40 PM,7:45 PM,9:11 PM,9:25 PM
"April 1, 2026","Shawwal 13, 1447",5:18 AM,5:45 AM,6:50 AM,1:16 PM,1:45 PM,4:49 PM,5:15 PM,7:42 PM,7:47 PM,9:13 PM,9:25 PM
"April 2, 2026","Shawwal 14, 1447",5:16 AM,5:45 AM,6:47 AM,1:15 PM,1:45 PM,4:50 PM,5:15 PM,7:43 PM,7:48 PM,9:15 PM,9:25 PM
"April 3, 2026","Shawwal 15, 1447",5:13 AM,5:30 AM,6:45 AM,1:15 PM,1:45 PM,4:50 PM,5:15 PM,7:45 PM,7:50 PM,9:17 PM,9:35 PM
"April 4, 2026","Shawwal 16, 1447",5:11 AM,5:30 AM,6:43 AM,1:15 PM,1:45 PM,4:51 PM,5:15 PM,7:46 PM,7:51 PM,9:19 PM,9:35 PM
"April 5, 2026","Shawwal 17, 1447",5:08 AM,5:30 AM,6:41 AM,1:14 PM,1:45 PM,4:52 PM,5:15 PM,7:48 PM,7:53 PM,9:21 PM,9:35 PM
"April 6, 2026","Shawwal 18, 1447",5:06 AM,5:30 AM,6:39 AM,1:14 PM,1:45 PM,4:53 PM,5:15 PM,7:49 PM,7:54 PM,9:22 PM,9:35 PM
"April 7, 2026","Shawwal 19, 1447",5:03 AM,5:30 AM,6:37 AM,1:14 PM,1:45 PM,4:53 PM,5:15 PM,7:51 PM,7:56 PM,9:24 PM,9:35 PM
"April 8, 2026","Shawwal 20, 1447",5:01 AM,5:30 AM,6:35 AM,1:14 PM,1:45 PM,4:54 PM,5:15 PM,7:52 PM,7:57 PM,9:26 PM,9:35 PM
"April 9, 2026","Shawwal 21, 1447",4:58 AM,5:30 AM,6:33 AM,1:13 PM,1:45 PM,4:55 PM,5:15 PM,7:54 PM,7:59 PM,9:28 PM,9:35 PM
"April 10, 2026","Shawwal 22, 1447",4:56 AM,5:15 AM,6:31 AM,1:13 PM,1:45 PM,4:56 PM,5:30 PM,7:55 PM,8:00 PM,9:30 PM,9:50 PM
"April 11, 2026","Shawwal 23, 1447",4:53 AM,5:15 AM,6:29 AM,1:13 PM,1:45 PM,4:56 PM,5:30 PM,7:57 PM,8:02 PM,9:32 PM,9:50 PM
"April 12, 2026","Shawwal 24, 1447",4:51 AM,5:15 AM,6:27 AM,1:12 PM,1:45 PM,4:57 PM,5:30 PM,7:58 PM,8:03 PM,9:34 PM,9:50 PM
"April 13, 2026","Shawwal 25, 1447",4:48 AM,5:15 AM,6:25 AM,1:12 PM,1:45 PM,4:58 PM,5:30 PM,8:00 PM,8:05 PM,9:36 PM,9:50 PM
"April 14, 2026","Shawwal 26, 1447",4:46 AM,5:15 AM,6:23 AM,1:12 PM,1:45 PM,4:58 PM,5:30 PM,8:01 PM,8:06 PM,9:38 PM,9:50 PM
"April 15, 2026","Shawwal 27, 1447",4:43 AM,5:15 AM,6:21 AM,1:12 PM,1:45 PM,4:59 PM,5:30 PM,8:03 PM,8:08 PM,9:40 PM,9:50 PM
"April 16, 2026","Shawwal 28, 1447",4:41 AM,5:15 AM,6:19 AM,1:11 PM,1:45 PM,5:00 PM,5:30 PM,8:04 PM,8:09 PM,9:42 PM,9:50 PM
"April 17, 2026","Shawwal 29, 1447",4:38 AM,5:00 AM,6:17 AM,1:11 PM,1:45 PM,5:00 PM,5:30 PM,8:06 PM,8:11 PM,9:44 PM,10:05 PM
"April 18, 2026","Dhul Qadah 1, 1447",4:36 AM,5:00 AM,6:15 AM,1:11 PM,1:45 PM,5:01 PM,5:30 PM,8:08 PM,8:13 PM,9:46 PM,10:05 PM
"April 19, 2026","Dhul Qadah 2, 1447",4:33 AM,5:00 AM,6:13 AM,1:11 PM,1:45 PM,5:02 PM,5:30 PM,8:09 PM,8:14 PM,9:48 PM,10:05 PM
"April 20, 2026","Dhul Qadah 3, 1447",4:31 AM,5:00 AM,6:11 AM,1:11 PM,1:45 PM,5:02 PM,5:30 PM,8:11 PM,8:16 PM,9:50 PM,10:05 PM
"April 21, 2026","Dhul Qadah 4, 1447",4:28 AM,5:00 AM,6:09 AM,1:10 PM,1:45 PM,5:03 PM,5:30 PM,8:12 PM,8:17 PM,9:53 PM,10:05 PM
"April 22, 2026","Dhul Qadah 5, 1447",4:26 AM,5:00 AM,6:07 AM,1:10 PM,1:45 PM,5:04 PM,5:30 PM,8:14 PM,8:19 PM,9:55 PM,10:05 PM
"April 23, 2026","Dhul Qadah 6, 1447",4:23 AM,5:00 AM,6:05 AM,1:10 PM,1:45 PM,5:04 PM,5:30 PM,8:15 PM,8:20 PM,9:57 PM,10:05 PM
"April 24, 2026","Dhul Qadah 7, 1447",4:21 AM,4:50 AM,6:03 AM,1:10 PM,1:45 PM,5:05 PM,5:45 PM,8:17 PM,8:22 PM,9:59 PM,10:20 PM
"April 25, 2026","Dhul Qadah 8, 1447",4:18 AM,4:50 AM,6:01 AM,1:10 PM,1:45 PM,5:05 PM,5:45 PM,8:18 PM,8:23 PM,10:01 PM,10:20 PM
"April 26, 2026","Dhul Qadah 9, 1447",4:16 AM,4:50 AM,5:59 AM,1:09 PM,1:45 PM,5:06 PM,5:45 PM,8:20 PM,8:25 PM,10:03 PM,10:20 PM
"April 27, 2026","Dhul Qadah 10, 1447",4:13 AM,4:50 AM,5:57 AM,1:09 PM,1:45 PM,5:07 PM,5:45 PM,8:21 PM,8:26 PM,10:05 PM,10:20 PM
"April 28, 2026","Dhul Qadah 11, 1447",4:11 AM,4:50 AM,5:56 AM,1:09 PM,1:45 PM,5:07 PM,5:45 PM,8:23 PM,8:28 PM,10:08 PM,10:20 PM
"April 29, 2026","Dhul Qadah 12, 1447",4:08 AM,4:50 AM,5:54 AM,1:09 PM,1:45 PM,5:08 PM,5:45 PM,8:24 PM,8:29 PM,10:10 PM,10:20 PM
"April 30, 2026","Dhul Qadah 13, 1447",4:06 AM,4:50 AM,5:52 AM,1:09 PM,1:45 PM,5:08 PM,5:45 PM,8:26 PM,8:31 PM,10:12 PM,10:20 PM
"May 1, 2026","Dhul Qadah 14, 1447",4:03 AM,4:35 AM,5:50 AM,1:09 PM,1:45 PM,5:09 PM,6:00 PM,8:27 PM,8:32 PM,10:14 PM,10:30 PM
"May 2, 2026","Dhul Qadah 15, 1447",4:01 AM,4:35 AM,5:49 AM,1:09 PM,1:45 PM,5:10 PM,6:00 PM,8:29 PM,8:34 PM,10:17 PM,10:30 PM
"May 3, 2026","Dhul Qadah 16, 1447",3:58 AM,4:35 AM,5:47 AM,1:09 PM,1:45 PM,5:10 PM,6:00 PM,8:30 PM,8:35 PM,10:19 PM,10:30 PM
"May 4, 2026","Dhul Qadah 17, 1447",3:56 AM,4:35 AM,5:45 AM,1:08 PM,1:45 PM,5:11 PM,6:00 PM,8:32 PM,8:37 PM,10:21 PM,10:30 PM
"May 5, 2026","Dhul Qadah 18, 1447",3:53 AM,4:35 AM,5:44 AM,1:08 PM,1:45 PM,5:11 PM,6:00 PM,8:33 PM,8:38 PM,10:24 PM,10:30 PM
"May 6, 2026","Dhul Qadah 19, 1447",3:51 AM,4:35 AM,5:42 AM,1:08 PM,1:45 PM,5:12 PM,6:00 PM,8:35 PM,8:40 PM,10:26 PM,10:30 PM
"May 7, 2026","Dhul Qadah 20, 1447",3:48 AM,4:35 AM,5:40 AM,1:08 PM,1:45 PM,5:12 PM,6:00 PM,8:36 PM,8:41 PM,10:28 PM,10:30 PM
"May 8, 2026","Dhul Qadah 21, 1447",3:46 AM,4:15 AM,5:39 AM,1:08 PM,1:45 PM,5:13 PM,6:00 PM,8:37 PM,8:42 PM,10:30 PM,10:50 PM
"May 9, 2026","Dhul Qadah 22, 1447",3:43 AM,4:15 AM,5:37 AM,1:08 PM,1:45 PM,5:14 PM,6:00 PM,8:39 PM,8:44 PM,10:33 PM,10:50 PM
"May 10, 2026","Dhul Qadah 23, 1447",3:41 AM,4:15 AM,5:36 AM,1:08 PM,1:45 PM,5:14 PM,6:00 PM,8:40 PM,8:45 PM,10:35 PM,10:50 PM
"May 11, 2026","Dhul Qadah 24, 1447",3:38 AM,4:15 AM,5:34 AM,1:08 PM,1:45 PM,5:15 PM,6:00 PM,8:42 PM,8:47 PM,10:37 PM,10:50 PM
"May 12, 2026","Dhul Qadah 25, 1447",3:36 AM,4:15 AM,5:33 AM,1:08 PM,1:45 PM,5:15 PM,6:00 PM,8:43 PM,8:48 PM,10:40 PM,10:50 PM
"May 13, 2026","Dhul Qadah 26, 1447",3:28 AM,4:15 AM,5:31 AM,1:08 PM,1:45 PM,5:16 PM,6:00 PM,8:45 PM,8:50 PM,10:47 PM,10:50 PM
"May 14, 2026","Dhul Qadah 27, 1447",3:27 AM,4:15 AM,5:30 AM,1:08 PM,1:45 PM,5:16 PM,6:00 PM,8:46 PM,8:51 PM,10:48 PM,10:50 PM
"May 15, 2026","Dhul Qadah 28, 1447",3:26 AM,4:15 AM,5:28 AM,1:08 PM,1:45 PM,5:17 PM,6:00 PM,8:47 PM,8:52 PM,10:49 PM,11:00 PM
"May 16, 2026","Dhul Qadah 29, 1447",3:25 AM,4:15 AM,5:27 AM,1:08 PM,1:45 PM,5:17 PM,6:00 PM,8:49 PM,8:54 PM,10:49 PM,11:00 PM
"May 17, 2026","Dhul Qadah 30, 1447",3:25 AM,4:15 AM,5:26 AM,1:08 PM,1:45 PM,5:18 PM,6:00 PM,8:50 PM,8:55 PM,10:50 PM,11:00 PM											
"May 18, 2026","Dhul Hijaa 1, 1447",3:24 AM,4:15 AM,5:24 AM,1:08 PM,1:45 PM,5:18 PM,6:00 PM,8:51 PM,8:56 PM,10:51 PM,11:00 PM
"May 19, 2026","Dhul Hijaa 2, 1447",3:23 AM,4:15 AM,5:23 AM,1:08 PM,1:45 PM,5:19 PM,6:00 PM,8:53 PM,8:58 PM,10:52 PM,11:00 PM
"May 20, 2026","Dhul Hijaa 3, 1447",3:23 AM,4:15 AM,5:22 AM,1:08 PM,1:45 PM,5:19 PM,6:00 PM,8:54 PM,8:59 PM,10:52 PM,11:00 PM
"May 21, 2026","Dhul Hijaa 4, 1447",3:22 AM,4:15 AM,5:21 AM,1:08 PM,1:45 PM,5:20 PM,6:00 PM,8:55 PM,9:00 PM,10:53 PM,11:00 PM
"May 22, 2026","Dhul Hijaa 5, 1447",3:22 AM,4:15 AM,5:20 AM,1:08 PM,1:45 PM,5:20 PM,6:00 PM,8:57 PM,9:02 PM,10:54 PM,11:00 PM
"May 23, 2026","Dhul Hijaa 6, 1447",3:21 AM,4:15 AM,5:19 AM,1:08 PM,1:45 PM,5:21 PM,6:00 PM,8:58 PM,9:03 PM,10:54 PM,11:00 PM
"May 24, 2026","Dhul Hijaa 7, 1447",3:20 AM,4:15 AM,5:17 AM,1:08 PM,1:45 PM,5:21 PM,6:00 PM,8:59 PM,9:04 PM,10:55 PM,11:10 PM
"May 25, 2026","Dhul Hijaa 8, 1447",3:20 AM,4:15 AM,5:16 AM,1:08 PM,1:45 PM,5:22 PM,6:00 PM,9:00 PM,9:05 PM,10:56 PM,11:00 PM
"May 26, 2026","Dhul Hijaa 9, 1447",3:19 AM,4:15 AM,5:15 AM,1:09 PM,1:45 PM,5:22 PM,6:00 PM,9:01 PM,9:06 PM,10:56 PM,11:00 PM
"May 27, 2026","Dhul Hijaa 10, 1447",3:19 AM,4:15 AM,5:14 AM,1:09 PM,1:45 PM,5:23 PM,6:00 PM,9:03 PM,9:08 PM,10:57 PM,11:00 PM
"May 28, 2026","Dhul Hijaa 11, 1447",3:19 AM,4:15 AM,5:14 AM,1:09 PM,1:45 PM,5:23 PM,6:00 PM,9:04 PM,9:09 PM,10:58 PM,11:00 PM
"May 29, 2026","Dhul Hijaa 12, 1447",3:18 AM,4:15 AM,5:13 AM,1:09 PM,1:45 PM,5:23 PM,6:00 PM,9:05 PM,9:10 PM,10:58 PM,11:10 PM
"May 30, 2026","Dhul Hijaa 11, 1447",3:18 AM,4:15 AM,5:12 AM,1:09 PM,1:45 PM,5:24 PM,6:00 PM,9:06 PM,9:11 PM,10:59 PM,11:10 PM
"May 31, 2026","Dhul Hijaa 12, 1447",3:17 AM,4:15 AM,5:11 AM,1:09 PM,1:45 PM,5:24 PM,6:00 PM,9:07 PM,9:12 PM,11:00 PM,11:10 PM

